Plant_ID,Stack_ID,Maint_Start,Maint_End,Technician
LOC-DEL-02,A-02,21-01-2025 23:00,22-01-2025 00:00,Suresh Patel
PL-01,S-02,02-01-2025 00:00,02-01-2025 01:00,Team B
PL-01,S-01,05-01-2025 11:00,05-01-2025 13:00,Suresh Patel
PL-01,S-02,23-01-2025 13:00,23-01-2025 16:00,Vikram Singh
PL-03,S-01,24-01-2025 07:00,24-01-2025 09:00,Team B
LOC-MUM-01,A-01,21-01-2025 23:00,22-01-2025 03:00,Team C
LOC-DEL-02,A-02,02-01-2025 19:00,02-01-2025 23:00,Maintenance Crew A
LOC-DEL-02,A-02,06-01-2025 19:00,06-01-2025 20:00,Vikram Singh
LOC-BLR-01,A-01,02-01-2025 09:00,02-01-2025 10:00,Team C
PL-03,S-01,23-01-2025 13:00,23-01-2025 16:00,Ravi Kumar
PL-03,S-03,23-01-2025 14:00,23-01-2025 17:00,Priya Sharma
LOC-BLR-01,A-01,22-01-2025 03:00,22-01-2025 06:00,Team C
LOC-MUM-01,A-01,27-01-2025 19:00,27-01-2025 21:00,Team C
PL-01,S-01,12-01-2025 10:00,12-01-2025 11:00,Team C
LOC-BLR-01,A-01,06-01-2025 11:00,06-01-2025 15:00,Priya Sharma
PL-01,S-02,08-01-2025 02:00,08-01-2025 04:00,Anita Verma
PL-03,S-03,01-01-2025 12:00,01-01-2025 13:00,Suresh Patel
LOC-DEL-01,A-01,23-01-2025 08:00,23-01-2025 11:00,Team C
PL-03,S-01,24-01-2025 18:00,24-01-2025 22:00,Anita Verma
PL-01,S-01,23-01-2025 18:00,23-01-2025 21:00,Vikram Singh
PL-03,S-01,19-01-2025 17:00,19-01-2025 18:00,Vikram Singh
PL-03,S-03,09-01-2025 22:00,10-01-2025 02:00,Suresh Patel
PL-01,S-02,25-01-2025 21:00,26-01-2025 01:00,Suresh Patel
LOC-DEL-01,A-01,11-01-2025 20:00,11-01-2025 23:00,Suresh Patel
LOC-MUM-01,A-01,20-01-2025 05:00,20-01-2025 08:00,Maintenance Crew A
PL-02,S-01,19-01-2025 09:00,19-01-2025 13:00,Suresh Patel
PL-01,S-02,15-01-2025 05:00,15-01-2025 06:00,Anita Verma
PL-01,S-01,20-01-2025 02:00,20-01-2025 04:00,Maintenance Crew A
PL-03,S-02,03-01-2025 07:00,03-01-2025 08:00,Maintenance Crew A
LOC-DEL-02,A-02,06-01-2025 08:00,06-01-2025 09:00,Priya Sharma
